ID,1,2,3,4,5,6,7,8,9,10,11,12,13,14,15,16,17,18,19,20,21,22,23,24,25,26,27,28,29,30,31,32,33,34,35,36,37,38,39,40,41,42,43,44,45,46,47,48,49,50,51,52,53,54,55,56,57,58,59,60,61,62,63,64,65,66,67,68,69,70,71,72,73,74,75,76,77,78,79,80,81,82,83,84,85,86,87,88,89,90,91,92,93,94,95,96,97,98,99,100,101,102,103,104,105,106,107,108,109,110,111,112,113,114,115,116,117,118,119,120,121,122,123,124,125,126,127,128,129,130,131,132,133,134,135,136,137,138,139,140,141,142,143,144,145,146,147,148,149,150,151,152,153,154,155
1,2,1,4,-2,-3,-5,1,6,6,0,-5,0,-6,-5,-3,4,4,-5,4,1,-4,-4,-3,-1,-1,-2,-3,-4,0,0,-1,2,-1,-6,-3,-6,3,-1,3,5,-5,3,2,6,-1,2,4,6,1,6,-2,6,3,-3,-2,6,-2,-6,-2,2,5,4,-2,-4,-3,-3,0,-1,-1,4,-3,0,-3,2,-4,-2,6,6,-3,4,-2,3,-4,0,0,-3,-2,6,3,-6,6,3,-6,1,-3,5,4,5,-2,0,-1,5,-4,1,6,-5,1,2,6,5,1,-1,5,-5,-5,2,-3,3,6,-6,-4,-2,-3,-6,-5,5,4,-6,0,2,-2,0,3,5,1,6,4,6,-6,-5,-2,-5,6,5,3,-4,4,-4,5,-3,4,2,1,2,-4
2,4,-4,3,0,3,6,2,-1,-2,-3,-3,-3,-3,5,2,5,0,-6,-3,6,-2,-4,2,2,3,-4,-2,-4,-6,3,-5,2,-3,6,-5,1,5,-5,5,4,6,0,4,-6,1,4,-1,-1,4,4,4,-6,-2,6,-5,-1,1,3,3,-2,6,6,-3,3,-1,6,3,4,0,6,-4,6,-2,-6,5,4,-2,0,0,-6,4,5,0,-5,-5,-1,-2,-1,-5,-6,0,-3,-4,0,0,-6,4,-3,-2,-1,4,-1,-6,-4,2,2,4,-4,-5,-1,0,2,-5,4,0,5,-1,-2,2,-5,0,-1,6,-5,-6,3,-3,4,-2,-2,6,-6,4,-3,-6,5,-4,-5,3,-3,-4,5,-4,5,-4,-3,-4,1,5,0,-6,-2,-5,0,1
3,-4,0,-3,1,3,-6,2,-5,0,4,1,-3,-3,2,-2,0,2,-2,1,-4,1,-4,1,-4,-4,-4,1,-6,3,-1,6,-6,3,3,-4,-2,2,6,-1,-4,2,1,-5,-6,-6,-2,1,3,4,-6,5,4,0,-2,2,-1,-2,0,-4,-5,-6,-6,-5,1,1,-3,2,2,-3,-3,5,-1,3,5,-6,-4,1,5,4,5,2,-4,-3,6,0,-1,1,-6,-2,4,5,-3,3,-3,4,6,-6,-3,4,3,4,-5,-6,3,1,0,1,-5,-3,3,-2,-1,-3,6,-5,0,-3,-5,6,3,1,-1,5,5,-4,-1,5,1,-6,-6,0,1,6,0,3,-1,6,-6,-6,-1,-1,-2,4,6,4,-3,-4,-4,-6,1,3,-3,-6,6,6
4,5,-2,4,-2,3,6,4,5,5,5,-5,5,-4,-5,3,2,6,-6,4,-1,0,5,-2,0,1,-2,6,4,-4,1,5,-1,-6,6,0,-3,4,1,-3,3,-5,-1,1,-2,-5,-1,-1,-4,-3,-6,6,-5,-3,6,-6,5,6,-3,1,3,-1,-3,5,-2,0,5,-4,-1,1,0,-5,6,2,-3,-1,-4,-1,4,1,2,6,2,-2,-1,5,1,3,1,-3,-1,-1,-6,3,6,-5,-5,-3,1,4,5,2,-6,-2,4,5,0,4,-6,-6,1,4,3,2,6,5,-3,-1,1,4,-5,-1,-6,6,-5,-1,-3,-2,6,-6,-4,-6,-2,-5,3,6,-6,2,1,-3,0,1,4,2,6,2,-4,2,-6,-3,1,0,-1,-2,-3,5
5,5,-2,-6,-3,5,-6,2,0,-5,4,4,-1,-5,2,4,-3,5,-1,0,3,-3,-2,2,0,5,-6,0,-6,6,-5,4,-6,5,-6,-3,-3,-2,-3,6,-1,2,-5,6,-3,4,-4,2,3,6,-2,6,3,6,-6,0,4,3,-2,-1,-5,4,-4,0,1,-5,3,5,-6,2,4,2,2,-4,1,-3,-1,2,6,4,-3,-3,-6,3,-4,-3,0,1,5,-3,4,2,-5,3,5,3,2,-2,-2,5,-3,-1,-2,-4,-5,2,3,4,2,-1,-5,-4,-5,0,-1,-1,-3,2,4,2,-4,0,0,-5,2,-6,0,0,4,-3,5,-2,1,2,-5,3,5,0,-6,-1,-1,3,-1,5,-4,3,-2,-3,6,6,4,1,-3,-6,-6,-5
6,3,6,-3,2,-2,4,2,-6,-1,-6,4,0,6,-1,-6,3,-4,1,-6,2,2,0,1,-2,5,0,2,-5,4,1,4,0,5,-1,-5,-5,-2,5,4,-3,5,0,6,6,5,2,0,-6,-5,-3,-1,-2,2,2,2,5,-4,-5,-3,0,-6,-3,-5,2,6,5,3,5,-4,6,3,4,-2,-5,0,0,3,-5,4,-5,3,-5,-5,-3,-6,4,-5,-2,6,3,-1,4,-5,-1,0,-3,-2,3,-3,-1,1,5,2,0,-5,-5,-1,-4,5,-3,5,0,5,-4,3,-4,-3,2,5,-4,3,-4,5,-5,2,0,0,-2,6,-1,5,-6,-4,2,3,0,5,2,6,4,5,5,3,-2,6,-6,1,3,-6,-4,-5,0,-6,-3,0
7,-5,0,6,-2,-3,-2,-3,-5,-6,1,-4,2,5,-6,-4,-3,5,3,-1,-4,-1,-3,-2,6,-4,-2,2,-5,3,3,0,-6,3,2,3,-5,5,0,3,0,2,3,-4,5,4,-5,5,-4,-4,4,5,-3,2,6,-5,6,-2,-3,-5,4,1,0,-5,1,-5,-6,-1,1,2,-1,2,-4,6,-4,-5,3,-3,-2,6,1,5,0,-3,6,6,0,-2,5,5,5,6,0,1,4,1,2,-5,-5,-6,0,-5,4,0,-5,-2,-5,-3,6,5,3,4,-2,2,-4,-6,-4,-5,-4,-5,-3,2,6,0,-1,-1,-2,-6,4,-6,1,0,4,1,-5,-6,2,3,-1,5,-1,0,-5,-1,-3,-5,0,6,6,0,0,1,6,-6,1,6
8,0,-1,3,2,5,-2,5,-1,-3,-4,1,-2,0,4,-6,3,-6,1,-1,-4,-4,-5,5,5,4,3,-2,5,3,0,-3,2,-3,0,-1,-5,-5,4,4,3,2,6,1,-5,2,3,-6,-1,6,4,2,5,-1,4,-6,4,1,5,3,6,1,6,4,-2,-6,0,4,-3,2,-6,-5,0,-4,4,-4,-1,-5,5,4,-1,-5,2,5,-2,-1,-4,-2,-3,-6,1,-3,-6,-2,5,-6,3,-4,1,1,0,-4,-6,1,0,2,6,5,-4,-1,2,-1,5,5,6,-5,3,6,1,0,-3,-1,-3,6,-6,-5,3,-5,1,-1,4,3,-4,-3,2,6,-3,-6,6,-3,4,-5,5,1,2,-5,1,-2,1,-4,4,4,5,1,-6,6
9,-1,3,-2,0,2,4,5,-3,-4,-5,-4,6,3,5,-5,-4,4,0,-6,3,-4,-6,-6,-5,-1,-6,-5,4,4,4,0,-1,6,4,-2,-2,-2,0,5,3,4,-3,-6,6,2,5,4,4,-1,3,2,2,1,-2,3,-1,4,0,-3,1,4,3,5,6,-6,6,1,0,-4,3,-3,-6,6,-5,1,4,-1,2,6,-4,-1,1,2,1,1,5,-1,-2,-1,-5,-2,-6,-4,-4,-4,-2,-4,6,0,4,5,-3,-6,-3,-1,-1,-1,-3,1,-4,0,2,-5,-5,-6,2,5,2,-6,-2,-6,1,-6,-1,4,4,-4,-1,-2,-5,2,-2,-2,-6,1,-2,1,-4,0,5,-6,-1,-5,0,0,-3,3,-4,4,2,-6,-3,-2,3,-6
10,1,1,6,-5,-3,-1,0,2,-5,1,-1,5,-1,-1,-2,3,6,3,3,5,4,-6,-1,-1,-6,6,5,-3,-5,6,3,-2,-4,1,0,6,5,0,-1,-1,0,2,-5,-5,1,0,3,2,-5,-4,-1,2,-2,-4,0,4,1,-3,-1,6,-5,5,1,2,2,2,2,-2,2,-6,-4,-2,0,4,5,3,-3,5,0,2,3,-3,3,6,-3,-4,-4,-1,-3,-4,4,-6,5,0,-2,-2,-2,5,6,-3,-1,3,-5,-3,-6,5,3,0,-3,-1,1,5,1,-3,6,1,-6,0,1,-6,5,-2,4,-6,0,-6,-1,-1,6,2,3,4,5,4,2,6,-6,-4,-6,-6,1,-4,2,-1,-1,5,-6,3,0,2,-3,-6,-3,0,0
11,-3,3,6,2,1,0,1,0,1,1,-6,-1,5,2,3,2,-4,-1,-4,-3,6,0,3,2,5,6,0,-6,1,6,-4,2,3,-6,4,2,1,1,-5,0,-5,3,6,-4,-6,-1,-1,-1,3,-5,0,2,1,1,3,4,-4,-5,4,3,0,6,-3,-1,5,-1,-3,-4,3,2,-4,-6,2,5,5,-2,-6,0,4,-6,5,4,-2,4,-4,3,-1,6,-3,-4,-1,3,-6,1,6,-6,0,-3,3,5,-3,-6,4,0,2,6,-2,3,2,1,1,1,-6,6,-1,-1,-3,-1,3,1,4,1,-5,4,6,-5,-1,-1,0,5,3,-5,1,0,2,4,4,6,3,4,-6,5,-2,2,0,4,-6,0,-2,2,4,-4,5,-1,-1
12,4,-1,3,1,-3,-3,0,3,-3,5,2,3,-3,0,0,3,-4,-4,-2,2,-5,-5,-4,5,-1,5,-4,-3,-2,1,0,5,2,3,0,-4,-6,6,6,-6,2,0,-2,-1,3,-1,1,6,-5,3,5,5,1,-2,-1,-4,-5,3,4,2,2,-3,-1,-3,-6,-5,-2,-3,-6,5,2,0,-4,-5,-4,-3,-1,6,3,2,-5,1,3,-2,-5,5,3,6,5,-2,-2,0,0,6,-1,-1,3,4,5,-6,3,6,-5,-4,-3,3,-4,4,4,6,0,-1,-6,1,2,0,0,-1,4,-3,-4,2,2,2,0,4,5,-1,4,3,4,-2,5,2,4,3,6,-1,-1,-6,-4,2,-5,0,6,5,0,-2,5,6,6,5,-5,-2,-3
13,-3,1,-4,-5,6,4,-4,6,4,5,1,1,4,-6,4,6,-4,-2,4,-6,0,-5,-2,4,6,6,1,-3,5,3,5,3,-4,3,-3,-6,-2,6,2,3,-1,-5,6,1,-3,1,0,6,5,-2,1,-3,0,-6,-6,3,6,0,-2,2,-2,5,1,6,-5,-6,-3,4,0,0,-3,-6,2,2,2,5,3,0,-2,-4,6,-4,4,4,4,-6,5,-5,1,5,-3,4,2,2,-3,-4,3,1,6,-2,-4,-4,-5,0,1,-3,0,6,3,2,3,-4,0,-1,3,-1,-5,-3,-6,0,-5,3,6,0,1,3,-1,3,3,5,-2,2,1,-3,-4,0,-2,6,5,6,-3,1,0,-3,0,0,4,4,-5,4,-2,-2,-5,3,6
14,-5,-1,2,-2,2,-6,-5,-2,-3,-1,-1,1,-1,3,-6,3,-3,2,-2,-1,2,1,-3,1,4,-2,4,-5,-4,3,-6,-2,2,-6,3,3,2,3,-1,1,-4,0,-5,0,0,-4,-1,-3,3,3,2,-2,0,0,3,4,-6,5,4,5,-3,-2,6,0,6,-5,5,-4,-2,6,5,3,5,3,-4,6,2,2,3,3,-6,-2,-3,4,-2,-1,-1,2,6,-3,-1,-6,2,-2,-2,-2,5,5,-1,-4,1,-6,2,-6,6,5,6,-4,3,-3,-4,-6,-4,-3,1,0,6,-5,0,3,-1,-3,-6,-1,-2,-3,0,3,-6,0,-4,2,3,5,-2,0,-4,-4,-6,-1,3,-3,-6,1,3,3,3,0,3,-3,5,-5,-3,1,-5
15,-3,-5,6,0,-6,0,5,5,-5,1,3,-5,-1,2,1,-1,2,2,1,-4,4,-2,4,-5,3,4,5,0,1,-4,-1,-3,-3,-6,3,5,-2,3,-6,6,-2,-1,0,-4,6,-2,-6,-4,-5,-5,6,-4,-6,6,3,-4,-1,3,4,2,6,-5,-3,-4,-4,0,-2,-1,5,-6,3,1,-3,4,1,-2,0,0,2,4,-4,-4,-5,6,-2,5,6,-5,1,3,1,-2,2,-2,1,-5,-2,5,4,1,1,1,2,1,-4,-4,1,2,5,5,-2,-1,-4,-3,1,2,-4,6,2,5,-4,1,-2,-6,-6,-4,0,-1,4,-1,5,-3,-4,-5,-6,2,-5,1,-6,-4,-1,-4,1,3,5,5,-3,6,6,2,1,-4,5,-1,-6
16,-2,0,-2,1,6,-1,-2,4,2,-3,0,3,4,3,1,0,2,2,-3,-2,6,-3,2,4,-3,-2,3,5,-4,-6,2,0,3,-2,-2,-4,-6,0,3,4,3,-4,6,-2,6,-3,-2,3,6,-2,6,5,-5,-4,6,-6,3,6,-6,5,-4,-5,-6,-1,6,0,-2,5,6,-1,1,0,-3,-6,4,0,-6,-5,-3,-1,6,-1,1,-2,0,2,-6,0,2,3,6,1,1,3,-4,-2,5,4,3,-1,6,-4,-3,1,-4,6,-2,0,-5,2,6,-2,-4,4,5,4,-5,-5,4,3,-4,6,6,-1,3,-4,2,0,-4,3,1,-4,2,6,-6,-6,-4,4,4,-3,-6,6,4,3,-4,4,-6,-1,-5,-6,6,-1,1,-4,1
17,6,-1,-2,-3,6,6,2,-1,-6,3,4,-5,3,3,4,4,-1,-6,-3,2,-3,-4,3,1,-1,-1,6,0,2,3,6,-2,-5,-3,-2,-2,-2,2,-3,-3,-2,-2,-2,-1,-1,3,2,-2,5,-5,6,-6,-5,3,6,5,2,-2,3,4,5,-5,5,-2,-6,1,1,2,-4,2,2,3,-5,-4,0,4,2,-6,0,-5,-4,6,2,5,-4,5,2,-6,-4,-1,3,-3,-3,6,3,3,-4,1,3,-5,-4,-4,5,5,0,2,4,1,-2,5,2,3,-1,4,4,3,-5,5,-2,2,1,-4,0,-3,3,-6,-4,6,-4,2,-6,-3,1,-5,-1,-6,-6,3,-4,3,-6,-1,6,0,3,-3,5,-5,-1,-1,-4,4,0,5,6
18,4,-5,5,6,1,3,3,5,3,-1,0,2,6,0,-5,-3,1,-2,-6,6,0,-6,-5,4,3,4,6,1,-6,-6,-3,5,-2,4,0,0,-3,6,4,-2,2,5,-1,-4,1,-6,3,3,-3,2,-2,-1,4,1,-1,1,1,5,6,-4,6,2,-2,1,3,-3,-6,4,-3,0,3,-4,-6,1,6,-2,3,-5,-6,4,-5,-2,0,4,3,1,6,5,3,-3,-3,1,3,3,-6,-2,1,3,-4,-1,4,-2,1,0,3,5,-2,-6,3,0,-2,-6,-6,1,1,5,-6,5,4,-4,-4,0,2,3,-3,-6,5,-2,-5,0,0,3,4,1,5,-6,4,2,6,-5,5,6,3,-2,5,3,0,-5,-4,6,-6,-6,1,5,2
19,2,-3,6,-5,-5,0,5,-3,-2,1,-1,-4,-5,-4,4,5,0,4,-5,2,-1,3,-2,5,-5,-3,3,-1,-6,2,0,2,-4,1,-4,1,-6,2,2,6,-2,0,3,2,2,6,2,-4,3,-5,1,3,5,4,-2,-5,-6,3,-4,-5,-4,1,-6,-5,4,6,-5,0,-3,5,2,4,3,3,-6,-2,0,6,-2,-3,0,0,-3,2,6,0,-5,-2,2,1,1,1,5,-4,3,-6,-1,3,2,-5,-6,-4,-1,2,4,0,3,3,-1,3,-6,5,1,1,-6,1,2,5,-4,4,5,1,6,-4,-3,4,-5,6,-4,-5,-5,-4,6,4,-5,-1,-3,2,-5,1,-2,-5,-3,-2,2,0,1,5,0,2,-2,-1,-4,-2,-3
20,6,-3,-5,-4,-5,-2,3,-4,-3,-2,3,-3,0,-5,-1,3,-5,0,-2,3,4,-1,5,3,2,-2,6,1,-3,2,-5,4,-3,-5,-1,-6,-6,3,-3,-3,2,5,4,6,0,4,-1,4,-1,6,5,0,0,4,-3,-3,6,4,-1,-2,6,-1,1,6,6,3,3,-6,-1,3,3,-6,-2,-1,-5,-3,-6,2,-6,-6,-6,-2,6,0,-2,4,-1,-6,3,1,-6,-4,-6,1,3,-6,-4,2,2,-5,-6,-1,-5,1,4,-6,3,-3,-2,5,-3,-1,-4,-2,-5,0,-4,2,-5,-2,-5,-2,2,6,-1,5,-5,-4,4,-2,-2,0,5,-2,4,2,-2,-3,1,-1,-5,-6,1,2,-2,-3,2,-6,0,1,4,3,-1,-2,-5
21,-3,-6,4,-2,-3,5,-5,-5,-5,-4,-5,-1,-6,2,1,-1,2,5,-2,3,4,-2,-4,2,2,0,6,-2,-2,-6,-5,-6,-6,3,0,2,3,-3,-3,1,1,3,-5,-5,6,-4,2,1,-5,-1,3,-3,4,-6,5,-2,1,6,0,-3,6,5,3,0,2,2,3,6,3,5,-3,-4,-1,-2,6,-6,2,-2,2,0,2,-1,-6,-3,-6,-6,2,-6,5,-5,1,0,3,6,-6,-3,-2,-1,2,1,3,6,-5,-6,-2,-4,4,3,5,4,-1,1,6,-4,2,-3,0,-5,3,2,0,5,-3,-5,-1,-6,-5,-4,3,-3,-1,-2,6,5,3,-4,1,0,-5,-3,1,-3,1,6,-4,-1,-1,3,-5,5,-1,3,-3,-2,3
22,-4,0,-1,-3,-3,-6,4,-6,4,6,-5,0,-3,-2,5,3,4,1,-5,3,5,6,2,-2,-4,-1,0,-2,-5,4,-5,2,5,-1,5,4,6,-1,6,2,4,1,3,-5,-1,-1,5,-1,-4,1,-1,-4,-5,-2,1,-6,-2,3,2,0,0,-6,-1,-3,-5,1,-6,1,-5,-3,3,4,6,2,2,-5,4,4,-2,-6,-2,-5,-1,6,-3,0,-5,4,-3,1,-4,5,-4,3,-6,2,0,0,4,2,-2,2,3,1,-5,3,-5,-2,0,1,-1,6,-1,5,-5,6,-6,2,6,1,5,5,2,-4,6,-3,-2,1,2,3,-2,5,-5,-5,-5,-1,2,-1,-2,0,3,-4,-4,-1,-2,-3,-6,2,-1,0,5,3,-1,-5,1
23,2,6,-2,-1,5,0,-3,1,2,5,3,-5,4,-5,-4,0,0,1,3,-3,5,-6,6,5,-5,0,5,-3,6,-3,-4,-5,5,-5,3,-1,5,4,6,-6,-1,4,0,-3,1,-1,6,3,6,-3,1,-1,6,-4,4,-6,-3,-3,4,-6,-2,-5,6,6,4,-5,-2,2,2,5,6,3,1,2,3,1,2,4,3,-2,1,1,-3,-6,3,2,-5,0,-2,-5,5,-6,1,-2,-5,4,-6,-3,1,-3,4,4,5,-2,1,-4,6,0,3,0,1,1,3,4,-2,3,6,6,-4,4,5,-1,-3,-4,5,-1,-5,5,2,0,1,-1,3,-3,-5,4,-6,-6,-6,-1,-5,5,0,3,5,3,-2,2,-6,-1,-2,5,-6,2,5
24,6,-4,-1,4,-3,-2,6,0,3,1,-6,5,5,-1,5,3,4,-3,2,-5,4,-5,4,2,6,3,-6,-4,-3,1,3,-2,-2,5,1,4,1,-5,-6,6,2,1,1,6,-3,-6,5,-6,5,-1,-5,-5,4,1,5,-4,4,2,4,-4,-4,-2,2,3,3,2,-3,-3,-1,4,-6,-6,-2,2,-3,-5,-5,-1,-6,4,4,-6,-1,-3,1,-1,-1,5,1,-1,4,-2,6,0,-2,6,6,-3,2,4,1,4,-6,-6,-6,-5,3,5,0,0,-1,-6,5,6,-3,5,0,-4,0,-4,2,-1,2,3,6,4,-6,6,-4,1,2,3,1,-5,-5,-6,5,-4,2,6,3,-2,2,6,2,-1,-3,-3,-6,1,4,1,4,0,4
25,4,4,1,-4,6,-5,-5,0,6,-3,-1,-5,0,4,-6,3,2,-4,5,5,-4,6,2,-5,0,0,3,-6,2,-3,3,4,5,-5,-2,6,-6,-2,4,-4,4,3,5,-5,1,-6,6,6,-3,-2,-5,-4,5,3,5,5,2,6,4,1,-1,2,-3,-6,6,-1,-4,-1,-6,-5,-4,-5,-6,-5,4,-1,-5,-2,5,-2,6,-1,2,5,4,-6,-4,2,5,2,6,-3,2,6,-3,-4,-2,-2,-3,3,1,-3,-2,-3,5,4,-4,-3,2,-4,2,-1,-3,0,-1,3,-5,5,2,6,6,-5,-2,-6,-4,3,-5,3,-3,1,5,-6,-1,5,4,0,-3,-3,5,6,6,-3,-3,-1,2,-1,-1,-3,-1,2,2,6,3,5,2
26,-2,-6,-5,3,5,3,-5,1,2,3,5,-1,3,-3,1,-2,-6,-4,5,-3,5,-1,0,1,-3,4,3,-1,-4,1,-2,6,-2,0,4,-2,3,1,1,-4,1,6,-4,-6,2,-5,1,-5,-6,6,2,5,2,3,-3,5,4,2,6,3,-2,-4,4,-2,4,1,-1,6,4,5,-3,2,1,2,5,-2,2,-3,-6,0,1,-2,6,2,2,5,-1,3,5,-2,-1,4,-6,2,6,-3,3,1,-2,5,-1,6,-4,-1,0,2,0,1,-4,1,0,-4,1,-5,6,6,0,6,6,-5,1,4,-1,-6,-1,3,-2,4,-6,5,5,6,3,-5,-5,-2,-5,-4,-3,3,-3,-6,4,-1,2,6,0,-2,4,-3,5,4,3,5,1
27,5,3,1,-6,2,-6,4,-6,0,-1,-3,3,-3,-4,1,4,1,-3,-5,-6,-6,-4,4,0,-2,-2,-3,4,-2,-2,-3,-1,2,2,-3,2,1,-6,1,-4,1,-2,-6,4,-1,-4,3,0,-3,-1,6,2,2,-2,3,-3,-2,4,6,-1,6,6,3,-3,-6,2,6,-5,-2,4,-2,6,5,3,-2,3,-4,-3,2,-3,6,-3,1,-1,-3,6,5,-4,-5,6,-2,4,-2,-6,-3,-6,-2,-2,0,2,3,-6,1,-6,-4,-1,-4,-4,1,-4,-6,5,2,4,2,-6,-1,0,-4,-5,3,6,1,1,-6,-2,-6,4,-6,0,-3,0,-4,-3,-2,4,-1,2,3,-3,-4,3,4,-5,-6,-3,-2,6,3,-5,-5,-3,-1,-5,-6
28,3,-1,0,2,-6,-4,3,0,0,1,2,1,-4,1,1,6,-1,3,-6,-5,-3,3,-5,-1,-3,-4,-3,6,1,1,0,4,3,-2,-3,-6,0,-4,4,2,3,-6,6,1,-2,-6,-1,-1,0,-2,5,-3,-6,-1,1,-5,-3,-5,-2,-1,2,-2,-5,4,-4,-6,-3,-5,-4,-1,2,-3,1,1,-6,0,-6,5,2,2,0,-1,2,2,6,4,5,-5,2,4,0,1,-3,6,5,3,3,3,6,0,4,5,4,-4,-2,6,-6,1,-2,1,3,5,-5,6,-3,-2,-3,4,6,-4,4,-2,-4,-2,4,6,-6,2,-4,-5,1,0,3,-4,0,4,-5,5,-2,-4,2,-2,4,0,2,-4,-3,4,4,0,1,-5,-1,5,5
29,-4,-6,-4,-2,-5,0,3,-1,6,1,0,-1,0,-1,6,5,-5,4,0,1,3,-4,2,-6,4,4,4,6,6,-2,5,2,6,-3,2,0,-6,4,4,-5,-1,5,-2,-5,-2,-5,-1,-2,5,-6,3,1,4,4,4,-6,-2,0,6,2,-5,-2,-6,1,3,-2,-4,4,6,-6,3,-6,-6,-4,2,6,-5,-2,5,0,-3,5,-6,-1,-1,-2,1,-6,5,-3,1,4,0,-5,-6,-1,6,-4,1,-4,-2,6,3,-3,3,0,1,1,-3,1,-4,0,1,2,4,-3,0,1,2,2,-1,-1,1,5,2,0,4,4,1,-6,-2,-3,-5,-4,-6,-2,4,-3,-3,-3,0,-2,0,6,-4,-6,2,-4,5,-1,1,5,6,1,-3
30,6,-6,-1,-3,3,3,6,-4,4,0,-5,-5,-1,-5,0,-1,0,-2,6,2,-6,-3,5,2,0,3,4,1,-3,3,5,0,6,6,5,3,-5,1,6,0,0,1,5,-6,-6,-4,5,-6,6,1,-5,-2,-1,-2,-5,1,1,-2,3,-3,-3,1,-1,0,2,-2,4,1,-6,-1,5,-3,0,-4,1,0,2,-2,5,-2,1,-6,5,-1,0,0,-4,-5,0,3,1,-4,-4,-3,0,-3,-1,-6,-5,2,0,6,1,-5,5,-3,4,-2,-3,-1,-3,-6,3,-5,1,2,-3,4,-1,-6,4,-1,-6,2,5,-2,2,1,-6,0,-1,0,-3,-1,-4,3,3,-4,4,1,0,5,0,-1,-3,-5,4,-6,1,0,-6,1,-3,3,-4
31,1,0,-5,6,-1,0,-2,-1,1,4,-1,-5,-5,5,-2,1,1,6,-3,-5,-3,-3,3,2,-5,4,4,-1,-4,2,-1,-1,-3,6,5,0,0,-4,0,-4,-6,6,3,2,-3,-2,-5,3,6,-2,-2,-4,3,-6,2,-3,-4,-1,3,-3,6,0,-6,-3,-5,0,-5,-4,0,4,-3,-4,1,-6,-3,-4,-4,-2,-2,-1,-4,-4,4,-4,2,-1,-5,1,-1,-3,-6,3,4,1,-2,1,0,2,2,-5,1,3,2,-4,2,6,-5,5,-4,4,-2,-2,5,-2,-4,-2,1,4,-5,-5,3,4,4,-1,6,-2,-1,-6,5,-2,-2,2,1,-6,2,3,5,1,-1,-2,-4,2,6,6,6,-4,6,-6,6,6,-2,-2,-5,-2,4
32,3,-5,-2,-6,1,6,2,2,0,5,5,1,-3,-6,-4,3,3,-3,1,6,2,-6,-6,5,-5,-1,1,4,-5,2,-1,-3,-4,-5,-3,1,2,0,0,-2,-2,-3,1,-4,-5,1,3,2,-5,5,1,5,-6,0,-6,2,-1,-6,6,0,0,3,2,-3,0,-3,1,2,-3,5,0,-2,2,-3,3,6,5,-3,-2,5,5,-2,1,2,-5,-4,5,-2,-2,-6,-1,4,-3,-6,3,-2,0,1,6,6,6,3,0,-4,0,3,0,-6,4,-2,5,4,-5,4,-5,2,6,-1,-5,-3,2,-1,-3,2,1,-5,5,-6,0,-2,-1,-2,2,1,-6,4,-2,-5,-3,-1,-1,-3,0,3,-5,1,5,-2,1,1,4,-2,-6,-5,-6
33,5,2,5,-1,-2,5,-3,5,5,-2,-1,-1,-5,-6,1,-2,-5,5,-2,-1,4,0,-5,4,6,5,-4,-5,4,5,4,0,1,-6,-5,-3,4,-2,5,3,-2,-2,2,6,6,5,0,-1,-6,4,3,5,-4,0,6,6,6,0,3,-5,-4,-3,-6,-6,-3,5,-2,3,5,6,4,-1,-3,0,-6,0,-6,1,-2,-4,-6,-1,-5,5,-1,-2,-2,6,-4,-5,6,-1,1,2,5,-1,0,1,-1,5,1,1,-5,-1,-4,2,-5,0,0,0,-2,0,4,-2,3,6,-4,0,3,-3,1,5,-2,-5,4,-1,1,-6,-2,-1,3,4,3,-5,-2,2,-3,-6,-5,0,-5,-5,0,1,-5,-2,0,1,-6,0,0,0,-2,-1,-1
34,6,-5,-5,3,5,1,1,-6,-3,-3,-5,6,-5,4,-4,-2,0,-6,-4,-6,-3,-3,0,3,2,-4,-1,-5,1,-5,-6,-6,-6,0,-1,3,2,6,-5,-3,-3,3,-4,-2,5,6,-6,5,6,1,-2,0,-2,5,-2,4,-1,-2,-1,5,-6,-3,0,1,1,-3,6,0,-5,-6,-1,0,-5,0,3,5,-6,6,1,-3,1,-6,0,4,-4,2,-1,0,-3,-1,-5,4,-3,-6,5,0,5,-2,2,4,-4,1,0,-6,0,-4,-5,3,-2,4,-6,0,1,6,-3,2,4,1,3,-6,-3,-3,3,4,-2,5,-2,-2,-6,-6,-3,-6,1,-1,3,2,0,-4,-2,-6,0,6,2,0,-3,6,-3,-1,-1,1,0,-4,0,0,0
35,-3,4,5,4,4,-6,4,-2,3,5,-2,1,0,0,-2,3,6,-6,2,1,-2,5,-6,-2,-1,-1,3,-3,-2,0,-6,0,-6,4,3,6,-4,-6,1,3,6,3,0,-1,-1,-6,1,0,5,0,5,-1,2,-2,3,-1,6,2,4,5,3,1,-2,3,4,-1,5,6,0,2,1,5,2,6,-3,-4,6,-3,-3,-3,-5,1,2,-2,4,2,-4,6,0,5,-5,-3,-3,-6,2,3,-6,-1,3,6,-6,1,-1,-2,4,4,-1,3,-4,2,3,-6,3,5,-6,5,-1,-3,-6,2,-3,5,-5,-2,5,3,3,-3,-5,-6,5,2,-5,-3,4,-5,-1,5,-3,-3,3,0,4,5,-1,-2,-1,-5,4,6,0,-3,6,4,-1
36,-2,-5,3,-1,3,-5,5,5,5,6,-4,0,3,-1,-3,-5,-5,2,0,5,6,2,3,-3,5,-1,5,-5,-5,-4,-1,-6,-4,0,3,-1,4,-3,3,0,-6,3,-1,2,0,4,-1,-1,6,-6,3,0,4,3,0,3,5,4,-3,4,6,2,1,6,3,-5,2,-4,2,4,-3,6,4,-4,4,1,0,2,5,-5,3,-4,0,-6,3,1,-3,2,4,0,-1,-4,4,5,-2,4,3,-1,-6,-1,-2,1,-5,5,0,4,1,-1,5,-5,-2,1,-1,2,-5,3,2,-3,-4,1,-6,4,6,-3,3,-3,-3,2,-2,5,2,5,-1,3,6,4,1,-6,-2,5,6,6,4,-4,-2,1,2,-4,6,6,0,5,4,-3,4
37,2,0,6,6,-2,1,3,5,2,-3,-5,-1,-2,-4,4,2,0,2,3,4,1,6,3,5,5,-3,-1,1,4,4,0,3,-4,5,-2,-3,-5,1,1,-1,-4,2,3,2,-6,-6,4,5,3,-6,1,-6,-5,1,6,-5,-4,-3,-5,-2,0,-6,-5,-6,5,1,-4,-4,5,0,-1,2,4,4,-2,-3,-1,2,5,6,-1,3,-5,-6,4,2,3,6,4,-1,2,-6,-3,2,-6,4,0,0,2,2,-5,5,0,-4,-3,-3,6,2,-3,-2,-4,6,-4,-5,4,-5,-5,5,-5,-1,-1,-4,-2,6,-4,-3,-6,6,2,4,-3,-2,-4,-5,-5,6,4,-6,-4,-1,6,-4,-2,2,4,2,6,5,5,-1,-4,-6,4,1,3
38,1,4,0,1,4,-5,-5,3,-1,-3,3,-6,3,3,6,3,-1,4,-1,5,-1,-5,-3,4,-4,-1,3,-3,1,-2,-3,4,2,-6,0,4,4,-5,-4,6,2,3,-3,3,-2,-2,2,0,-4,3,3,2,5,-2,-4,3,-3,2,3,1,3,-2,-1,4,-6,-5,-5,5,4,-3,0,6,-5,0,0,-2,5,2,2,-1,6,-3,1,-2,-2,-6,1,-5,3,3,3,-6,6,2,0,6,0,0,-4,-6,-1,2,5,-3,-2,3,1,0,3,-5,-4,-5,-5,-4,-3,6,1,-6,-4,-6,-1,-3,3,-4,-2,6,4,6,0,1,-1,1,1,6,4,3,-4,1,5,1,-6,-3,-3,4,-3,-2,-1,6,-2,3,-3,4,-4,-4,-4
39,6,2,5,1,3,5,5,-1,2,0,0,-2,-2,-3,-6,-4,2,-3,-6,3,1,-3,2,0,-4,-5,4,-1,-4,0,-4,2,2,6,-1,-1,-1,-5,3,-1,-3,-2,-6,-3,6,0,-3,2,-5,4,3,-4,-4,-6,-1,5,-2,-1,0,4,-2,2,-4,1,3,3,6,2,2,5,-3,5,-6,0,4,4,-6,-6,1,-3,2,5,3,4,1,4,-6,0,-6,3,1,1,-5,4,-3,4,-5,-4,3,-4,-1,-2,-5,2,3,-6,0,6,-3,1,0,-4,6,0,-2,0,-2,-4,6,5,1,-5,4,-3,2,-1,3,-3,-2,2,-1,6,2,-2,-5,3,6,1,1,0,-3,4,3,-1,1,-2,4,4,-5,4,4,6,-1,0,-2
40,5,1,-4,4,-6,0,6,0,6,4,-6,2,-2,2,0,-2,-4,-6,3,0,-5,-3,-1,6,-4,-2,1,-4,4,2,4,-2,1,0,2,3,-1,4,4,-4,-1,0,3,-5,-2,1,-1,-3,-6,-1,6,4,-1,2,-3,0,-2,-6,6,-1,-2,0,-3,-1,-2,1,4,4,0,1,4,2,1,3,3,2,4,-5,2,-4,-2,5,-2,-3,-4,0,-6,1,-4,-1,0,3,6,-6,3,-1,6,0,0,5,4,6,-3,3,2,1,0,-6,-2,2,0,5,4,1,6,-4,4,-3,-4,-5,-3,-2,-2,-1,-4,6,1,-5,-4,2,-2,5,-2,-5,-4,4,-4,-2,-5,6,4,-2,-2,6,6,5,1,-5,6,1,-4,2,-3,2,-5
41,-5,1,0,0,1,-2,-5,-6,6,-2,6,3,3,-5,-1,6,-1,3,-3,2,2,-5,5,-3,1,-6,5,-2,-1,-2,1,0,3,5,-1,4,-1,-3,3,5,-2,2,6,2,3,1,-4,1,-1,-2,-3,-5,-6,-6,-1,3,-1,-4,5,-4,-1,5,3,2,-3,1,-2,-3,-4,3,2,5,5,6,6,-4,0,1,3,-6,0,-6,-1,3,4,-1,1,-6,-6,4,-4,5,0,-1,-2,-1,-4,-1,2,-5,5,-6,3,2,-2,0,2,3,1,1,-6,3,-5,-6,0,0,-1,-1,2,1,5,-6,-4,-3,-3,-2,-2,-6,2,-4,-5,1,-5,2,6,-5,6,-2,5,-4,-2,2,5,-3,1,-4,0,-6,3,4,5,-1,2,4,3
42,-2,-1,-6,-2,3,-4,-5,2,1,6,4,-5,4,-1,-3,5,-3,-6,-6,-5,-3,-4,-1,-4,5,-3,2,4,6,-6,-4,0,1,-6,-6,-3,-2,4,3,-5,-1,-4,-5,-1,1,4,-4,-2,0,-2,-2,5,4,-1,-3,5,6,-1,-4,0,-4,1,-6,5,2,6,1,-3,-3,-5,-3,6,3,5,-1,6,4,6,-2,-5,3,4,-1,-3,6,2,-6,-4,0,-5,2,-6,-5,-5,-5,5,5,-1,-4,-2,1,-6,5,0,-5,-4,4,5,2,4,5,2,6,1,0,5,-4,1,-6,-1,-3,4,2,0,1,-6,4,4,-3,3,5,2,-3,5,-5,6,-6,-2,-6,-6,-4,-4,0,1,-6,2,-4,2,5,-1,0,0,0,4,0
43,2,-6,-1,4,3,5,4,6,-6,6,0,1,5,-6,-4,2,2,-1,-5,-3,-5,2,-1,5,-2,5,5,-1,-3,5,5,1,0,-1,4,-3,6,5,1,1,1,1,2,1,-3,1,6,4,-4,5,5,5,0,-6,0,4,-6,5,-2,4,-1,-1,4,-6,-4,-2,6,-3,3,1,0,4,6,2,1,6,-6,6,6,4,2,6,2,4,-6,5,-3,3,6,6,-4,-1,0,1,-5,5,4,6,-5,-3,-6,-5,5,-2,-5,6,1,3,6,-4,3,-2,1,-1,0,3,-1,-1,-4,-4,-3,5,3,3,-6,3,-5,-2,-3,-6,1,4,-4,-4,-5,-4,5,-4,0,3,-5,-2,0,-4,4,-1,0,-3,1,-6,2,-2,1,2,-6
44,6,-4,-3,1,5,-3,3,-3,0,1,-5,-2,-2,1,1,2,5,-6,-5,-2,2,-4,3,1,4,1,-4,6,-3,6,-5,-3,1,-2,4,-2,1,6,2,-3,-3,-4,1,-2,-3,-3,5,1,-5,0,-5,-2,-2,-4,6,-3,-2,-5,-4,-1,4,-5,-1,-6,-3,0,3,-3,1,6,4,3,1,5,-4,-5,0,3,-6,-3,-2,6,5,-4,-2,4,-6,2,4,-3,-2,-4,-1,3,0,-2,2,-1,-1,-5,0,2,-4,6,-2,3,-4,-6,6,6,0,-1,4,-6,-4,2,4,3,2,-2,4,5,1,-5,4,1,-4,0,3,-6,-5,0,0,-6,-3,-2,2,6,-6,4,-4,1,6,2,0,1,1,2,-1,1,-5,5,3,-3,-6
45,-6,-6,-5,3,1,-6,6,-2,-4,5,-1,3,4,-6,2,0,3,6,3,6,3,-4,1,-5,-3,-1,-5,-5,-5,-5,2,-2,-5,0,4,-6,-4,-3,-6,2,-3,1,-3,-1,5,-3,-2,-2,4,5,-2,2,1,2,-2,-6,0,3,-2,3,3,0,5,-6,-6,-6,2,6,4,6,2,3,6,-4,-3,-4,0,2,6,6,-4,0,-1,-3,-3,-5,4,-4,-3,-5,4,2,-1,4,-6,4,6,4,-5,2,6,-2,2,0,-6,-6,5,0,-5,-2,-4,6,0,-6,6,-2,-4,-3,2,3,-4,-1,4,0,-3,6,-1,-2,3,5,-2,-3,-5,6,-1,0,2,3,1,2,-4,3,2,6,3,-3,6,5,-5,3,-1,2,3,-6,-5
46,1,-5,5,-1,4,-5,1,-2,-1,-1,-3,2,-3,-5,6,-6,-4,4,2,-2,4,-2,3,1,0,6,-5,5,4,-6,-3,-4,5,5,-2,1,6,-2,1,3,2,4,-5,-1,0,0,-5,-4,-1,-1,-3,-3,-1,-2,6,0,-1,2,-3,3,5,-2,-6,-4,-6,4,-3,-2,4,4,5,-6,6,-5,2,2,1,-4,2,0,1,2,3,6,6,-4,3,-1,-1,4,-3,4,3,5,1,-5,-4,4,6,-5,5,-2,-3,4,-5,2,-6,-4,4,2,1,1,5,1,6,5,4,1,-6,-2,3,-5,-2,3,-1,2,4,-3,-4,5,2,4,1,4,2,0,-3,-4,5,5,5,-5,-4,6,-5,-4,5,-4,3,0,0,-1,-3,-1,-6
47,3,-6,5,3,-1,-4,2,-1,-4,-6,-1,0,1,3,6,6,-1,-6,1,-5,-6,-3,-5,-5,3,0,-5,2,1,3,1,4,-5,-6,0,3,-3,-6,4,-1,4,6,0,-4,5,5,-6,1,-5,3,-5,6,6,-3,1,-4,2,-4,-4,3,4,-1,-3,-3,-6,3,3,5,-2,-2,4,-5,0,-5,-6,-5,1,3,-2,4,-1,-5,4,1,-3,-5,1,-1,4,-6,-2,4,-3,1,-3,-6,6,5,-5,1,5,6,-1,2,-5,-5,1,-5,1,-6,3,-6,3,-1,-2,-5,-2,2,5,6,-4,2,2,0,4,-5,6,-6,-3,-4,6,-5,3,-2,-4,-6,-6,2,4,-5,1,3,6,5,5,-5,4,-2,-4,-5,0,-6,-3,1,1
48,-3,-4,2,-5,-2,3,6,4,0,1,-2,2,0,4,-1,5,1,-4,4,-3,4,6,-2,2,-1,6,-4,-1,-5,-6,-1,5,1,-2,3,3,1,-6,2,-1,-1,-2,-5,-6,4,-6,-1,6,4,-4,-6,5,2,1,0,1,-3,-5,3,2,5,-2,5,-2,-3,0,-3,-1,1,6,0,2,-6,0,6,-6,-2,4,3,5,-4,5,-6,3,0,6,-6,-4,-4,0,3,0,2,-3,-3,-1,6,2,-1,-1,-4,-5,-6,1,0,-3,-2,-1,3,4,-4,6,-1,3,4,3,6,4,-2,-6,6,3,3,2,-6,6,-2,-3,-3,4,6,-3,0,-5,6,5,-4,2,0,5,-2,-1,-5,6,1,0,-5,-5,0,6,1,5,-4,-1,1
49,-3,-3,-4,6,6,-4,-6,-5,5,3,4,-3,3,3,4,0,2,3,2,-6,-4,0,6,-1,3,-6,3,6,1,2,1,2,5,0,3,-1,2,2,-4,4,3,6,-5,3,3,-5,5,3,3,0,-3,2,-2,4,0,0,4,4,-1,-1,5,1,-1,-4,-2,0,3,2,6,-2,2,5,1,1,-3,-5,1,0,5,-1,-3,0,4,-3,2,-2,2,4,-1,5,6,0,-5,-1,-1,-6,-6,3,-2,0,0,-2,-2,2,6,-1,-5,1,-4,4,6,0,4,-3,4,4,4,-3,-2,-4,-3,1,-1,-5,-6,-2,1,1,-1,3,-4,-6,5,5,-1,-1,-2,6,2,-3,-1,-5,-1,-5,-5,-5,-4,-5,0,2,-1,-2,6,6,-5
50,-2,2,3,-2,-6,3,-1,-3,0,1,2,6,-6,1,-2,-2,-5,-2,-3,-5,-5,5,-5,-6,-3,2,4,2,6,-5,-4,0,-4,-6,-1,3,4,3,3,2,6,4,0,1,4,-6,2,6,2,2,-5,-6,2,3,4,1,-4,-5,-6,-6,-1,2,1,6,2,-4,3,5,4,-3,4,-3,2,5,5,-2,-5,-2,-4,-4,-6,2,-3,-4,-1,5,2,0,3,3,0,0,5,4,-6,1,0,-4,2,-1,2,-1,-5,-5,5,-3,-2,4,6,3,0,4,3,0,3,4,-3,1,-5,-3,-4,-5,-3,-1,-3,0,0,1,4,4,6,2,5,0,-5,2,-3,-2,-6,-6,5,-5,1,-4,6,-6,3,6,-4,5,1,6,6,5,-4
51,5,3,5,-6,6,-3,-3,4,6,-4,-1,3,4,-5,4,2,0,-3,6,6,5,5,1,1,1,2,4,-5,5,-5,6,-3,0,0,3,1,1,-4,-3,5,5,-1,-1,-3,-2,6,1,4,5,3,3,-5,4,-5,1,-1,-1,-6,-2,-5,-3,-4,5,3,1,0,-2,3,-6,-2,1,-2,-5,-4,6,4,0,3,-1,-2,1,5,0,6,-6,-1,6,-6,-6,-1,-5,-6,3,-1,-4,-3,1,1,-5,6,-1,1,1,4,-5,5,3,6,-4,-6,2,0,1,2,-2,0,4,-6,-4,4,-2,0,-6,-6,2,-3,-4,2,1,-5,2,3,4,6,1,-4,-3,-4,3,-3,-4,0,6,4,6,3,6,-3,-3,2,1,-6,1,3,-3
52,-6,-4,5,-6,1,6,5,3,-3,5,5,-6,-6,-4,-4,4,-1,4,-4,6,-3,1,-2,-5,-2,0,2,1,1,5,-4,-2,-6,-4,-5,-4,-3,2,-1,-5,5,4,6,3,5,-1,-1,2,0,6,1,1,0,-1,-4,1,-5,-6,1,-1,-4,3,5,4,0,-5,-1,4,-6,1,1,6,2,4,-2,-3,-1,-4,6,-3,1,4,1,2,6,6,1,2,5,3,-4,6,4,1,2,5,2,5,0,0,5,-4,4,-1,5,0,-1,4,4,4,2,-2,2,2,4,-3,4,-5,-6,-3,-3,6,1,6,-6,6,4,-5,5,-2,6,0,4,-1,5,-5,5,-2,1,6,-5,-5,-2,-1,5,6,4,-1,3,2,4,2,-3,6,-6
53,-5,-2,3,-6,0,-4,-6,-4,-6,-1,-5,0,4,1,2,-1,-2,6,4,4,-4,-4,2,2,-3,0,0,6,3,1,-4,-6,3,2,-5,-4,-4,-5,-5,-4,2,4,0,-4,-3,-2,-5,-5,-1,-2,-1,1,-4,-5,-1,-6,-6,-1,-5,5,3,4,-5,5,-6,2,-1,-4,4,-4,-5,-5,-2,4,-5,6,6,-3,-5,0,1,-4,6,1,0,-1,1,-5,-4,6,2,-5,6,-6,4,-4,-4,0,6,-1,5,-4,-3,-1,4,6,-3,2,6,6,4,3,5,0,0,-5,5,0,-4,-4,2,-2,-3,2,3,4,4,2,-2,-6,-5,3,6,-4,2,5,-1,1,6,-6,-3,-1,1,5,-1,-4,-4,6,-5,-6,-4,6,0,-3,-4
54,-4,-6,3,2,1,-5,5,4,-1,0,-4,3,-6,4,6,-5,-5,-3,-2,-4,-3,-4,1,-1,-4,4,-1,-1,-3,-4,3,1,-4,-4,-6,6,-1,2,-3,-5,4,0,-5,-5,-2,-4,-5,5,0,0,5,0,-1,-6,4,-2,4,-1,-5,3,-4,2,-1,0,1,3,1,-4,-4,-3,-4,4,-6,4,-2,4,6,-5,-5,4,4,2,3,-1,-6,4,-6,-6,-2,-3,6,-5,2,6,-5,6,2,2,-5,1,-6,6,3,-6,3,-3,-5,-3,2,2,-1,1,2,-3,5,-4,-1,2,-1,4,-3,2,2,2,3,1,1,1,-6,4,-3,0,-3,-6,-6,1,4,-5,3,-4,5,0,-3,-6,0,5,1,4,-5,-6,0,-3,3,4,4
55,5,1,-5,1,-2,-6,5,1,-2,-1,0,-5,2,-1,0,-1,-2,-5,6,-5,4,1,5,-4,-5,1,4,0,-3,6,0,-1,-3,3,6,-5,5,0,-5,6,-4,4,-1,2,-4,-1,1,-6,-3,-5,-3,4,-1,-6,2,0,2,1,-2,-5,2,4,-4,-4,-6,1,-1,-5,-4,-2,5,5,1,-4,5,1,4,3,2,0,-4,-4,-6,-6,3,4,5,-4,-6,-2,0,-3,3,1,-5,-4,5,-2,1,-1,4,6,-2,0,-4,5,2,-2,-1,-2,0,-5,-1,0,-1,6,1,1,4,3,-2,-3,5,1,6,4,4,-3,-6,-2,2,2,3,-4,1,6,-3,-1,6,6,-3,-5,3,-4,2,-1,0,2,-3,1,0,-4,-6,-4,-2
56,-4,-5,0,-6,2,5,-3,3,3,5,-1,-5,3,-1,-5,-5,1,5,6,2,1,6,5,-3,5,0,0,2,6,-3,-4,-4,6,0,-6,-5,0,6,4,-3,1,-1,-2,5,1,-2,-4,4,-4,4,0,4,-2,2,5,-3,-4,5,0,2,4,6,5,3,-4,-6,5,2,-6,0,1,-6,2,4,0,-2,4,6,2,-4,3,4,0,4,-1,-2,-3,-6,1,4,5,3,0,0,5,6,3,-6,-5,-5,-4,-2,-5,-2,2,-1,2,6,2,-6,3,-2,-4,-5,-5,1,-2,2,1,-6,1,-4,-3,3,2,-6,-2,-4,2,6,0,6,-4,-5,-5,2,5,6,6,4,6,-3,-2,1,4,-1,-6,2,-6,-1,3,3,1,3,3
57,-4,-2,-1,1,-5,-4,4,4,5,-3,3,-6,1,-5,-3,-3,4,-5,-1,-1,0,-3,-3,-6,0,1,4,-4,5,-6,0,3,4,1,2,-2,6,-6,-3,-6,6,-3,-6,5,5,-6,-3,-6,1,1,4,5,6,3,-4,6,-3,3,3,5,5,-3,-5,3,-1,-1,-1,1,4,-1,-6,3,5,-6,-3,-5,-5,-3,-1,0,5,1,1,4,-6,-5,3,4,-5,-3,0,5,-4,4,3,-3,2,-6,-3,4,-3,-3,1,-6,2,6,0,-1,4,-6,-1,1,4,0,-2,5,-5,-3,-4,3,-1,-4,3,5,-2,0,5,4,-3,0,-2,-5,3,-6,3,4,-3,3,2,-2,2,1,6,3,4,-1,-5,-3,0,-1,3,3,3,-5,-6
58,-4,-3,-1,-4,-4,6,-3,-5,-4,5,6,1,-4,0,-1,4,-2,-5,-3,-3,-1,1,-2,-1,0,2,6,-1,-4,-2,3,3,0,-4,-1,-4,6,-4,4,0,4,0,-4,-6,3,-6,3,-1,4,-2,-4,6,-3,5,-5,6,4,-1,-3,-6,2,-2,-5,-1,0,4,3,3,4,3,-3,0,5,6,1,-4,-4,-6,-6,-2,-2,1,-3,-6,-5,-3,-3,3,4,3,4,-1,1,-6,6,-3,-4,-1,6,3,-2,-5,0,-6,5,4,6,-4,-3,6,-2,3,-3,0,0,3,1,-6,-6,3,2,3,3,-3,0,2,3,2,3,1,-1,5,0,4,-4,6,6,4,-6,3,4,3,-3,-4,3,-1,-4,-4,6,-4,2,-2,3,-1,1
59,6,-3,-3,-2,1,4,-5,-6,1,3,2,5,2,5,-6,-2,-1,-6,0,5,6,2,0,1,1,-5,4,-2,-2,-6,6,1,1,6,3,3,-4,-4,0,0,-6,-5,-4,3,-1,-4,-6,4,2,6,6,-5,-5,4,6,-6,3,1,0,-2,-1,-1,-1,-5,4,3,-3,-5,-2,-4,0,1,5,-2,-2,-4,-3,1,2,-6,-5,1,-3,-2,-3,5,-3,-5,-3,-3,0,-1,-2,-3,0,-6,1,-4,2,-3,-2,-6,3,-6,2,2,2,4,-3,1,-5,-5,2,-3,4,2,3,-5,6,4,1,-5,2,-3,2,4,3,-2,1,4,5,2,-5,5,1,-3,1,-6,-2,-4,0,-6,2,6,1,3,1,-3,-3,-1,6,-5,-2,6,6
60,2,-5,-5,-3,-2,0,-6,3,-1,1,6,4,1,6,2,-2,4,-2,-3,-5,-4,5,-5,3,5,1,-6,6,-1,0,-3,-4,-6,4,3,6,4,-2,5,1,4,-1,-5,-2,5,3,1,5,1,0,-5,0,4,5,4,6,-1,3,-6,-3,-3,-5,2,-5,4,3,-1,-2,-3,4,-3,0,1,0,5,-5,-1,2,5,2,1,-2,2,-2,-5,4,-5,-5,0,-6,-4,5,2,-1,-6,-5,6,2,-3,3,1,-6,0,2,5,-2,5,-3,-1,-5,-3,4,-5,-3,4,3,3,4,1,-5,-6,-5,4,-5,0,6,-4,3,-2,-5,2,-6,3,4,-5,-3,-6,6,-3,1,4,2,4,-3,-4,5,2,-5,-1,2,1,-2,6,-6,6
61,-5,-6,5,4,3,0,5,-4,0,-6,-1,5,-1,4,-5,-1,-1,3,-1,-3,-3,-2,0,-4,-1,1,6,1,5,3,-3,6,3,-2,0,-4,1,4,-3,-5,4,-3,-5,0,-6,3,1,-4,-1,-4,-4,0,2,3,-2,1,-1,-3,4,-2,-1,5,-4,3,0,-6,0,-3,-4,-1,3,-2,-2,5,6,-3,-6,-6,-6,2,5,3,-2,-4,-2,1,5,0,-6,-2,-5,-6,6,-3,5,-2,-2,6,4,2,-5,-1,3,-6,5,1,6,0,-1,0,3,2,-6,-5,-3,-4,-6,4,-6,-5,-2,0,-2,5,-1,5,-5,-5,3,-3,-2,-4,1,-3,-6,-1,-3,-4,1,0,0,-5,-6,6,3,-4,-6,-1,5,2,-6,2,-1,-5,0
62,1,1,-6,5,-6,4,-1,-4,2,4,-5,-6,-5,-1,0,-5,-3,-1,2,-5,5,1,5,0,5,2,-1,4,6,-5,2,-6,-2,-6,-5,4,3,0,-5,-3,1,5,3,2,-2,4,0,0,4,-6,-6,0,-5,4,-1,2,0,1,-6,-3,-4,1,-2,-5,-2,6,0,5,0,-2,6,-2,-6,-1,-4,0,4,-4,-1,0,0,3,-3,6,1,-4,6,3,-1,2,2,3,-3,-3,-4,6,4,4,1,3,-1,0,4,-2,-5,-6,6,-4,6,-3,-3,6,-3,5,-5,0,-1,5,3,-6,-4,4,4,5,1,-4,-1,-1,1,-4,0,4,-4,-6,-4,1,2,3,0,1,-6,-1,0,-6,6,-5,5,5,-3,-5,5,2,1,-6,5
63,-1,0,-5,4,3,-1,-2,5,1,-3,-4,-3,-2,-5,4,5,-5,-5,6,-5,5,-1,5,4,-1,1,-5,2,-3,3,4,-3,-2,5,4,-4,-4,6,-3,-1,-5,-6,5,0,4,-3,6,3,5,1,-5,-4,2,0,-1,6,-1,-1,-1,3,2,-4,-5,1,4,1,-4,-4,2,6,4,-5,-2,-2,2,-5,5,-4,-5,2,3,-2,5,6,-1,-6,-1,-3,-5,3,2,6,1,-5,0,-1,-1,-1,6,-3,-3,0,6,-6,5,-3,3,-3,3,-2,-1,0,-5,5,1,-6,0,-1,2,-1,0,-5,-2,2,6,-5,-2,0,1,1,-3,-5,-6,5,-3,6,3,5,0,1,-6,-2,-4,-2,-5,4,-3,4,5,-3,-4,-5,0,-3,-3
64,4,-2,6,-4,-4,1,-2,-5,-5,1,5,6,-3,4,2,5,-6,-4,2,-6,-6,-5,4,1,0,-5,-4,5,-3,1,0,1,4,-1,4,-1,5,-3,6,-6,-2,-2,-3,3,-4,1,1,2,-2,-4,-3,-6,3,2,-1,5,-5,-1,-3,-5,-2,5,6,4,-3,0,4,-3,0,1,1,-4,-1,6,0,5,2,6,1,4,-1,-6,-1,1,-5,-5,5,4,-5,4,3,0,-5,-2,1,4,2,4,0,6,5,-3,1,-4,0,-6,-4,1,6,-5,4,-1,-3,-1,4,5,2,1,-4,0,-6,-2,-6,-6,1,-1,2,-6,-5,0,-1,1,5,0,1,-2,2,-3,1,-6,1,-6,4,2,-1,5,-5,4,4,-5,-3,-1,-2,5,-1
65,0,-4,-4,-3,-3,-3,-2,-6,1,2,0,2,1,-3,0,-5,2,6,3,0,1,-3,-4,3,2,-2,-1,-2,-1,0,-5,5,1,2,2,-3,5,1,5,-4,5,1,4,4,3,2,6,1,2,-4,2,5,6,4,-5,-3,-5,-3,1,4,2,-1,0,5,5,6,3,-6,0,1,-3,5,3,3,-6,-1,-4,-2,2,-6,-2,-4,-4,-4,2,3,-1,-2,1,6,6,1,-5,2,-5,3,4,-5,1,1,-1,6,-5,0,5,-1,2,-3,-6,4,-3,-1,1,0,-3,3,-1,5,-6,-1,6,5,-4,-2,-4,-3,2,2,6,2,-1,1,1,-5,4,-1,-6,3,-1,3,4,-6,-6,6,-4,-4,0,-4,-6,-3,-4,-4,-3,2,5
66,2,2,-6,-1,-4,6,3,-5,-4,-2,0,5,-4,-6,4,4,-2,4,-2,2,-3,4,5,3,1,-2,5,1,-2,3,1,2,5,-3,2,2,6,0,-1,-3,2,-2,-3,-2,4,4,2,-1,-1,-1,-1,-1,3,-2,0,-2,1,-3,-1,6,-3,0,-1,-4,3,0,2,-5,-6,0,-6,-3,-5,-4,-6,3,-5,-2,2,1,0,-1,3,-6,-6,3,-5,5,3,-6,2,-5,0,-1,-5,-1,5,1,3,1,4,-2,-2,0,-2,5,0,-3,6,5,-1,-5,0,0,1,1,-4,-4,-2,6,-3,5,-4,-3,4,-2,-6,3,-6,2,-6,2,-6,4,-4,-5,-6,6,0,-3,5,-1,0,3,1,1,-1,5,4,6,-6,-4,-4,5,-4
67,2,-2,3,4,6,-3,-1,3,-1,-6,-2,1,-5,1,6,3,-6,0,6,6,-5,-1,0,-4,6,1,-4,-1,1,6,-1,6,-2,-4,-6,6,5,0,-4,1,6,-2,-5,2,-5,1,-3,4,4,5,-3,5,-3,-4,-5,-6,-2,1,-3,-3,-5,-2,-2,-2,4,-6,3,2,-2,0,-5,5,2,-5,-2,-5,-6,-6,-1,6,6,4,2,-2,-1,1,-3,-5,-2,0,1,0,2,2,5,-4,3,-1,-2,5,-1,-3,-1,4,-2,-3,-1,-2,0,1,5,2,-3,1,6,-6,-4,1,-6,-4,-6,3,4,2,0,-6,1,1,-5,-2,1,-5,4,-4,1,2,0,-4,-3,-3,1,1,-4,5,4,-2,4,-1,-3,5,3,-6,-6,-3,1
68,4,4,0,-5,-1,-4,0,-4,-2,-3,6,6,-5,0,6,4,-4,-3,-3,4,-5,6,-2,2,4,5,-1,-6,-4,3,5,-2,5,0,0,-2,4,-4,2,-1,6,-2,6,0,5,0,-2,-5,2,-2,-1,5,-6,-1,5,3,3,-3,3,1,0,1,-5,-5,5,5,5,0,5,4,6,1,-4,0,-4,3,0,-3,3,-2,4,0,-5,-4,4,0,6,6,6,-1,1,-5,2,4,-2,6,5,-4,-2,-4,4,2,3,1,2,-4,0,-1,1,4,-2,1,1,0,-1,1,1,-5,6,-2,0,-5,-2,4,6,-2,1,3,-2,-5,5,3,0,-5,3,-4,-2,2,-6,2,-3,0,-1,-6,6,-3,5,1,-6,-5,6,2,-1,6,-4
69,4,-1,5,3,4,-2,0,1,-3,4,1,4,2,0,4,1,5,2,3,-5,2,5,-2,1,2,-3,4,-2,-3,-6,6,-4,-2,-4,0,2,-6,6,0,-2,2,-5,-3,-5,3,2,-6,-4,2,-4,2,5,-5,-5,1,-3,6,-1,6,5,0,3,-2,-5,-4,-4,-2,6,-5,-2,-2,5,1,-5,6,4,6,4,-5,6,-6,4,-4,6,-6,4,-5,-3,3,2,-4,1,0,-2,2,6,0,2,-2,-6,-2,0,-3,6,1,-4,-6,5,-3,5,-4,2,4,3,1,3,3,-3,-5,0,-5,-6,-3,5,6,-2,5,-6,1,5,-3,5,1,0,-3,-3,-6,1,5,0,6,2,6,3,-1,-2,5,-1,0,-3,0,-2,-1,6,3
70,6,3,4,-4,-4,-5,4,-5,6,-1,3,4,4,-1,5,-5,6,-2,-5,4,-6,-2,-4,0,-4,-4,4,-3,0,-2,1,-6,-5,5,3,2,5,-3,-6,-3,0,-2,0,-6,5,6,5,-6,-5,-3,-4,-6,5,-6,3,-4,4,-2,-6,-6,-2,1,-6,0,1,4,-6,3,-5,-5,1,-4,2,-5,0,-4,2,-5,-1,3,5,-5,1,-3,-1,1,6,3,-2,6,-3,3,2,-1,-5,-3,2,2,-2,4,5,-5,3,-4,-5,0,3,5,-5,-6,-1,3,3,1,-4,4,1,-6,0,2,6,-2,-4,2,-4,1,-2,6,-5,3,6,5,4,-2,-2,-1,0,-1,2,-2,-6,-6,3,-6,-6,4,3,-5,-5,0,-3,2,-5,4,-4
71,1,-3,4,2,-2,-5,-4,-4,-3,-2,-6,0,-6,-3,-3,-3,-5,1,-6,0,6,-2,2,-3,2,1,-3,-4,-4,-6,-5,2,-2,-5,-4,1,5,-4,2,-4,4,-1,3,4,6,-2,-6,6,-5,-6,2,-5,2,2,5,-6,6,5,0,6,4,-1,-3,2,-1,-4,3,3,3,-5,-3,-2,2,-1,-2,6,3,-4,6,-5,3,-2,-5,-6,2,-3,-6,6,2,5,1,-5,1,0,5,-2,-4,4,-1,-4,-1,3,-4,-3,-4,-1,4,-4,4,-3,1,-3,1,4,-1,3,-5,0,1,-1,3,0,1,-5,-2,2,0,-1,1,-1,-3,-3,0,-2,-4,0,-5,-6,0,-2,-4,5,2,-1,2,3,5,-1,3,-6,3,-5,0,-3,2
72,3,-3,-3,2,4,6,1,2,3,-2,3,-5,-1,6,0,5,2,-6,-3,-3,0,3,-2,1,-4,6,-6,-5,-2,-6,-1,-6,5,2,4,2,6,-1,-1,0,6,-6,3,-6,1,5,-1,6,0,-4,0,4,3,-6,-5,3,-1,2,-1,4,2,-5,2,3,2,3,-2,1,2,3,-4,-4,3,-3,-1,-4,1,-4,6,-3,3,0,6,-1,5,5,-4,-5,4,6,-5,6,4,-6,3,-1,4,5,1,3,1,1,6,-1,-1,1,-2,5,0,-1,-6,3,6,1,0,1,-6,6,-3,-2,6,-1,-6,-5,5,3,0,2,6,-6,-1,-4,2,2,-2,3,-3,4,-1,6,-5,0,-4,-3,5,4,6,-3,-6,0,1,-5,-3,-4,-1
73,3,2,6,6,3,-3,-4,-3,6,-1,-2,2,6,-3,-1,-4,-5,1,0,4,-1,6,4,1,3,2,-4,2,-1,3,3,-5,-3,-3,-3,1,-3,6,-1,-1,1,-6,0,5,6,3,-2,-4,6,2,-4,5,-6,3,6,6,2,1,6,-2,-2,0,-5,-3,0,-5,-6,-5,-1,-2,6,-4,-3,4,-5,5,6,6,-4,4,-5,-4,3,-3,-3,-2,0,-1,-5,2,0,-6,4,-4,5,6,4,0,3,-5,5,5,1,1,-4,-4,0,4,5,0,2,-4,-3,6,-4,4,-2,5,-6,2,-6,1,2,4,3,-2,6,6,1,-4,-4,-3,-4,6,1,-2,-2,-6,-2,-1,-5,3,-3,-2,-6,-3,4,3,5,0,-5,-6,-2,5,0
74,1,-5,-2,3,-4,-3,-4,5,3,-1,-3,5,-6,3,4,3,-6,6,-2,6,-1,5,4,4,-4,-4,4,-3,4,0,6,5,1,1,2,5,0,-5,-3,-4,4,5,-4,-2,0,-1,6,4,0,-2,4,-6,5,-3,-6,5,-5,-6,-4,-5,2,1,3,4,6,3,0,6,1,-3,-2,5,3,-5,-4,-1,2,2,6,6,0,-2,-3,0,-6,2,-4,-4,2,-4,4,4,0,-2,6,4,2,5,4,1,4,0,2,4,1,4,5,-4,1,-3,6,-6,-5,6,3,1,6,5,5,5,5,4,5,5,-5,5,-1,-2,-2,6,1,-3,-2,-6,3,-3,4,-4,6,-2,2,2,-3,-3,4,5,-4,3,-2,3,3,-5,6,0,2
75,2,6,3,-2,4,-6,-1,2,4,-6,1,3,-4,4,5,2,3,-4,6,5,5,2,-2,4,3,-6,-5,0,-2,2,-4,3,6,-6,5,4,-1,-6,-2,-5,1,1,5,-6,3,4,5,-4,-4,-3,5,-4,-1,-1,0,-5,1,2,-1,4,5,0,6,-6,-1,4,-3,-3,0,5,-3,6,6,6,6,6,2,5,-4,-5,-5,-6,3,2,6,-5,0,0,-4,-4,6,-2,2,1,2,3,-3,-5,-2,-3,-2,-2,-1,-2,-1,5,5,-5,-1,5,-6,4,1,1,-2,-2,5,4,-2,2,1,-1,6,4,4,-4,-3,2,2,-5,2,-5,6,-3,-3,0,-1,-4,4,-1,4,1,-2,1,-1,-5,5,-4,2,1,-3,-5,-1,-3,-2
76,3,0,-6,3,-3,6,-3,-4,3,-5,-3,-1,6,-1,0,3,-1,-3,0,-1,6,-4,-6,6,3,6,-3,-6,-4,5,4,5,4,4,-3,-4,2,1,-1,-2,1,5,6,3,5,-5,-2,4,2,4,6,3,1,-2,-4,-6,4,5,-4,-3,-3,4,5,-5,-1,-2,6,6,-5,0,3,1,2,3,-1,-2,2,3,-3,0,-5,-3,-4,0,3,-6,2,6,-3,4,-2,-5,0,2,-2,-3,0,-5,-5,5,-5,6,1,1,6,4,1,1,-1,-1,-2,0,1,1,1,0,-2,-1,-3,-4,-6,-4,-3,1,3,-5,-2,-5,6,-5,-6,1,0,-6,-5,2,2,-2,-1,3,4,0,-5,0,1,2,4,3,3,-2,1,2,-3,2,6
77,-1,4,-4,0,4,4,3,5,3,-4,4,2,1,-2,-2,-1,3,2,-6,-1,-4,-3,-6,-6,0,3,1,0,-5,-2,6,1,-3,5,0,6,-6,-5,6,-5,4,-6,-5,2,-4,5,0,-1,-2,-3,3,-4,-6,3,5,2,0,-6,6,-3,0,2,3,6,-1,3,5,-3,-2,0,1,-1,-6,2,2,2,-1,6,0,1,-5,-6,3,5,5,3,-4,-3,-1,2,-2,6,-4,6,2,5,-4,1,3,0,5,-3,-2,1,-4,3,-6,4,-2,4,-6,6,-4,-5,0,6,1,2,-6,-5,5,2,0,3,1,-6,-1,-4,-4,-6,-1,1,2,-2,1,1,-5,-5,2,-2,-1,1,5,-5,-1,0,1,-1,-3,-5,-4,-4,-3,4,1
78,0,-3,-3,-4,-6,-4,4,-1,-3,0,5,5,5,2,-4,-4,-6,5,-2,-2,-3,6,0,4,4,-4,6,-1,1,4,4,4,-3,2,-2,-3,1,-2,0,1,-1,-6,-1,-4,6,2,6,3,-6,-2,6,-1,1,-2,3,0,5,-2,0,-6,3,-2,2,1,-1,-4,6,-3,4,5,0,6,-3,-4,-3,-5,-3,0,-3,-6,-3,5,2,-2,0,1,-5,-2,-5,-4,3,3,1,5,1,3,-3,-3,-2,-2,-3,3,0,3,-5,-4,-2,1,-2,4,4,-6,3,3,-4,1,-1,5,-6,4,-3,-3,-6,-1,-4,3,5,-5,4,-5,-2,4,-6,4,1,-6,6,-4,0,3,-4,4,-5,1,5,4,5,-6,-3,-5,-3,0,-2,4,0
79,4,-2,2,-4,3,1,1,-1,-3,-3,2,2,3,-4,1,4,4,4,3,5,-6,0,-5,1,-4,-4,-1,5,-3,6,3,-1,-2,5,6,6,2,-3,-6,-1,4,-4,4,6,-3,5,-2,3,-6,-4,-3,-5,5,6,0,-5,-1,-6,3,-4,6,1,-1,0,-6,4,-4,3,-2,4,-1,6,1,1,-3,-5,2,3,-4,-4,2,-5,-3,-2,3,-2,6,-5,2,4,4,-5,-6,3,5,3,6,3,-5,5,4,-2,4,-6,3,0,-6,-2,4,1,1,1,-5,4,0,5,-4,-5,-3,-4,6,-6,-3,1,-5,1,4,1,6,-2,-1,-5,3,1,6,-5,-6,2,6,2,-6,2,-6,5,-6,6,-1,-5,6,5,1,-6,1,-2,-3
80,1,1,3,-3,-6,-3,-6,0,1,-2,5,-3,6,-6,-3,-3,1,-6,-5,5,1,-1,3,-4,-1,4,-5,-3,4,0,2,4,3,5,-4,4,0,-3,-6,-5,6,0,1,2,-1,4,4,4,-3,0,-2,1,2,3,5,2,6,-1,-3,-2,2,2,-2,4,4,-4,1,-3,-1,0,-2,1,-3,1,6,0,3,-1,3,5,-6,-3,0,1,5,6,3,-4,-6,-3,-2,0,0,-3,-5,-5,1,4,2,-2,3,6,6,6,2,3,-3,0,-4,-1,0,-4,5,0,-1,5,4,4,-4,-6,6,5,-3,-2,3,-1,-4,2,2,-2,-6,-6,6,-2,1,-5,-4,1,-1,-6,0,-4,-1,-1,0,3,-2,-2,-3,5,0,1,-3,-4,3
81,-6,0,-1,-6,-6,0,4,2,5,1,-2,-5,-6,0,2,2,0,-3,1,2,-4,2,-4,5,-3,2,4,-1,2,4,1,-2,1,2,-1,0,-6,-4,-2,-3,5,0,-6,-4,-2,4,-5,1,-1,5,3,2,3,4,6,2,6,-5,-6,-1,-5,2,-2,-2,-6,3,2,2,3,-1,-6,2,-2,0,-3,2,6,-3,-4,-1,-3,-4,2,0,-5,2,-1,5,-1,6,-3,-2,4,-5,1,1,2,3,-4,0,-4,4,4,-6,-2,-2,-2,6,3,6,4,2,2,1,3,5,-3,-2,-3,2,-2,-4,3,5,-4,2,1,1,1,-3,1,-5,1,-1,1,-2,-5,3,2,6,6,-4,-4,-3,-1,3,6,2,0,1,5,1,-4,3,1
82,1,-6,-1,-2,2,3,1,1,-6,6,4,-1,6,1,5,-1,0,-5,-6,6,-2,-4,6,-2,-6,-4,4,0,-2,-6,-2,0,-6,6,6,5,-1,5,5,-1,-5,2,5,4,1,2,-3,-3,4,1,4,-4,-1,-6,4,-5,2,-6,-6,-1,-3,-6,-6,-4,-1,1,1,-3,-5,-5,-6,3,-5,4,5,0,-4,-6,-1,0,-6,6,-4,-6,-6,3,-6,2,-2,-5,-1,2,-1,4,0,-1,-2,-4,6,0,3,-1,-5,-4,6,3,5,-4,-5,2,2,0,0,4,-4,5,-3,3,-5,-3,-5,-2,3,-3,-6,-5,6,-6,6,5,-5,-2,-1,-6,-3,6,6,5,-5,-6,2,-1,-2,-1,-6,1,4,4,-6,1,-3,-1,-1,5,-5
83,3,-4,2,-2,-3,4,2,1,4,4,-1,2,5,-1,-6,-6,2,6,4,0,0,-6,-5,2,-4,6,0,-3,3,4,1,3,6,-4,-3,-1,-2,-4,1,1,-2,4,5,-4,6,-6,3,6,5,1,3,-2,0,2,0,2,0,6,-4,-3,-2,-3,3,4,1,4,1,-4,-3,-6,2,2,4,-6,0,2,0,-4,5,-3,6,-3,-1,-3,6,-3,-5,-6,-5,4,-2,2,2,1,3,-2,2,0,-3,-3,-4,-6,2,4,4,2,0,-4,-2,2,4,-6,-5,2,-4,1,6,-4,-1,-5,-6,6,-1,-1,-5,1,3,-4,4,-5,1,-1,-6,4,3,4,0,-4,6,-3,3,1,-3,1,2,-1,1,2,0,1,-6,-6,-2,-5,6
84,-2,5,2,6,-2,-4,-1,-1,-5,3,-1,-4,-2,1,-1,1,4,-6,-4,6,-4,2,5,3,-6,1,1,-6,2,5,6,5,-4,-6,-4,-6,2,5,-6,3,-1,6,-2,0,-5,1,-4,-3,-6,2,0,6,-6,0,-5,-4,-3,-6,5,3,-2,-4,-5,-4,6,-2,-5,-3,4,5,-6,1,6,2,3,-2,3,0,-1,-4,-4,6,5,-2,5,0,0,5,5,-2,-3,0,-2,-2,4,2,-1,-3,2,6,0,3,-3,5,1,3,-4,-5,6,4,4,4,5,6,-1,-2,-2,-6,-4,3,-3,-4,0,2,-3,-6,3,4,0,5,1,-2,-1,4,6,5,6,1,2,1,1,1,4,-2,3,6,3,-3,-4,-1,3,3,0,-1,-2
85,3,0,4,-4,-6,3,-1,1,0,5,-6,1,-5,-2,1,-4,-6,-4,-4,4,-5,-1,-6,2,6,1,-3,3,2,-1,4,0,-3,-2,0,-3,-5,4,4,4,-5,-2,-1,-1,-1,-1,-4,1,1,4,-6,3,4,4,6,-5,-1,-6,3,6,0,-1,0,3,-2,-2,6,2,-3,3,2,1,-1,6,4,-5,6,5,4,6,-5,2,-1,-4,-5,-1,-5,-5,-1,0,5,2,3,-2,0,-3,3,-6,-2,-6,-1,1,-3,6,2,3,-3,-2,3,-3,-1,-6,-4,-6,4,5,4,-2,-5,2,3,5,4,-4,5,6,2,0,-6,4,5,5,-6,5,-2,3,-5,5,-6,0,5,-4,-6,6,0,-2,-6,3,-3,-1,3,2,2,5,-1
86,-4,-6,-2,-4,-5,-3,-3,4,1,-6,-4,-1,1,-5,-6,-5,5,2,4,-5,2,6,3,6,3,1,2,-3,-2,0,3,-1,-6,-1,2,-1,-5,2,-2,2,-3,3,-6,-6,-1,0,2,-1,3,3,2,-1,-3,1,-3,0,0,3,2,6,5,-6,-5,-5,-1,-1,-5,2,-6,6,4,-1,6,-3,-5,1,6,6,2,-1,-5,0,-1,3,-3,0,2,0,3,1,2,-5,6,-3,-4,-5,-5,-3,4,-2,2,5,-1,0,0,-5,-6,-5,-1,2,-3,-5,4,-4,2,5,-6,6,2,-2,1,0,-2,-6,-4,0,4,1,-6,-4,0,6,6,1,-6,-1,-4,-3,2,-2,5,2,4,-3,-6,0,5,2,-1,-4,2,-1,3,-2,-2
87,-3,-1,6,3,3,0,6,-4,4,-5,5,6,5,3,0,2,-5,3,-5,2,-6,-4,-4,2,5,-3,-3,3,1,6,4,-5,0,3,-2,-3,2,-6,0,-3,-6,1,-5,-3,-3,-2,0,3,6,4,3,6,3,6,3,-2,6,1,3,-1,-3,-6,0,-2,-6,6,-2,-6,1,-4,5,4,2,2,-5,-2,6,2,3,-1,6,0,-1,-4,1,0,6,-1,-3,-4,3,0,-6,-2,-1,-1,2,4,-5,3,-1,5,-5,6,-1,-3,4,4,-1,-2,-3,6,4,3,5,-1,-1,4,2,-3,-2,-3,0,-5,4,-2,0,2,4,-3,6,-2,-5,2,5,-3,-2,1,0,3,5,5,-2,1,2,6,5,0,5,-1,-1,-3,5,-2,-6
88,-4,3,-6,0,3,-3,-5,0,-6,-2,4,2,-1,1,5,0,4,4,-3,-5,-6,3,6,0,-2,0,5,5,-3,5,2,6,1,-2,1,2,-2,-4,1,1,-5,5,-2,3,-1,-3,4,-5,-1,-6,-2,3,3,3,-2,4,0,0,6,0,5,2,-4,-1,-1,-4,-3,4,-1,-1,-4,-6,6,-1,-1,-6,6,-6,-3,-6,-1,2,-6,-4,-2,-5,4,-6,-4,-4,0,2,-2,-3,-6,5,-4,-5,-6,4,-3,2,-1,4,3,-6,-2,-3,0,6,-6,6,-5,0,-2,5,6,0,0,6,-4,6,-4,2,5,0,3,-6,1,5,6,0,5,-1,-5,4,2,-2,-3,-4,6,4,6,-1,5,1,-6,1,-2,4,-4,3,-6,-3,3
89,0,3,-6,-3,3,-2,-6,-1,4,4,-2,5,-6,5,-1,2,0,-6,1,-3,-6,-3,6,3,-1,0,2,1,-4,-3,-3,2,-2,1,-3,-3,0,0,-2,4,3,2,2,0,-2,-1,3,2,-6,-3,-2,1,-4,-3,-6,-2,-3,-3,4,5,-2,-6,-2,-3,6,-3,-6,4,-6,5,6,-3,4,-6,-6,3,-1,-1,-3,-2,5,6,0,6,-2,5,4,0,3,5,3,6,-2,-4,-4,6,-2,-6,4,0,-3,2,5,3,-4,-6,3,3,0,1,-3,1,-3,1,-6,-2,1,2,4,-5,-3,6,-3,-4,-1,0,0,-6,-2,3,6,1,1,-2,-3,-2,6,-1,0,6,-4,-2,3,-6,2,2,-4,4,4,3,5,1,-5,-3,4
90,-2,1,1,0,4,3,1,6,1,-6,-5,1,5,-2,0,-2,4,0,-1,-2,2,5,-4,-4,0,-4,4,-3,4,6,-5,3,-1,2,-6,6,-1,-6,1,5,0,6,4,5,-2,5,-2,-3,-2,2,-1,-4,-4,4,5,-1,6,-5,5,-2,3,5,-3,-5,5,0,5,-3,1,4,2,3,-6,-5,6,-2,5,1,1,-2,-2,6,0,-4,6,6,-2,3,5,-1,-3,-4,5,5,-1,5,-2,-4,3,4,-5,-1,-1,6,-6,6,-1,5,-6,-3,-4,-3,2,5,5,6,-4,6,0,-2,3,-2,-3,-2,-2,6,-2,1,1,2,-2,-5,0,2,4,5,4,4,0,-2,0,5,0,1,0,2,-3,0,1,-4,2,-3,-5,-3,-1
91,3,6,2,4,5,-3,0,-1,5,4,-5,5,4,6,5,-1,-1,-2,3,2,4,1,6,0,-2,5,-6,4,-1,-1,-4,3,-5,-5,-5,-3,6,1,-4,-2,4,1,5,-5,-1,1,-1,0,-4,-6,-6,-6,-2,-1,-4,-3,-4,-5,6,4,1,0,1,6,4,6,-3,-1,1,-6,-5,-1,-6,-5,-3,-3,-1,-5,3,-1,5,-3,-5,6,-2,-4,-4,3,-1,-6,-6,6,1,5,-1,-5,1,1,-2,1,5,-5,1,-3,5,2,-4,-4,-1,-1,2,1,-3,4,-1,6,-5,-5,2,0,-6,-5,-6,1,-2,4,2,-4,6,5,1,-4,-4,1,-2,-3,-3,3,4,1,0,-3,4,-2,4,-5,5,-3,5,2,2,2,-4,-4,-3
92,-1,-2,6,-4,0,6,4,-4,-1,2,6,5,0,3,-1,4,-2,-2,-4,-3,6,-4,-1,1,2,4,2,4,-5,4,2,-3,1,2,-3,5,-4,-4,-5,-4,-3,-5,0,4,-5,-2,1,5,6,-2,6,-2,-3,-4,-5,-5,0,0,-3,-1,3,-2,-1,-6,6,-2,5,4,5,-3,4,0,-6,-5,-4,0,2,1,0,-1,6,-3,-4,-1,3,-6,3,-1,1,6,-3,6,6,6,-6,6,6,4,0,6,-4,-1,5,2,0,-1,5,-5,2,-6,-4,-3,3,5,0,1,-6,5,-4,4,0,4,4,2,4,0,-2,5,-4,-2,0,5,-3,-4,-2,-2,5,-6,-3,-4,-5,-4,6,6,1,-2,4,-1,3,4,0,2,0,6,0
93,6,0,5,0,5,-4,3,-5,-5,-5,-5,5,-5,3,0,-4,6,0,4,-2,-1,6,1,4,3,-3,-5,-5,6,2,4,2,4,-6,2,-6,-4,5,0,3,0,-6,2,-5,6,-6,-2,1,-6,-3,-5,-5,2,4,3,-6,-3,-5,0,-3,2,-5,5,4,-5,-4,-3,2,4,2,-3,-1,5,0,3,-2,-6,3,1,4,3,4,-3,2,5,-4,-3,-5,6,-5,-1,-3,4,3,3,6,-6,-6,-6,6,3,4,2,-5,6,-4,4,-6,3,4,5,1,3,3,-4,-2,6,-2,3,-6,-6,-4,5,-4,-1,-4,-6,-1,5,5,-1,6,-2,0,-2,0,1,5,-5,-6,0,-2,0,1,-5,-3,-2,3,5,-1,4,3,2,-1,-3
94,-1,-4,1,-6,4,-5,-2,4,2,2,6,3,-6,4,-6,4,4,-3,4,-4,1,-6,-3,0,5,-1,-6,-4,1,5,5,3,5,-4,-1,-4,-4,-2,0,6,-3,3,1,6,1,1,-6,4,6,2,0,3,-4,-5,-4,-5,-4,5,6,-5,5,4,3,1,4,-5,-6,4,1,-1,-4,6,-5,-3,-5,3,-4,3,2,-5,-6,4,-3,-3,-3,5,-5,5,-4,6,-3,-1,2,6,-6,3,-4,5,-4,-6,-1,0,-5,2,2,2,-6,-3,5,6,-4,-4,-3,1,3,-1,-3,-4,-5,-5,-5,-1,2,5,-6,-3,4,1,5,-3,1,-5,6,6,-5,4,-3,0,-3,3,-6,-2,3,2,-2,2,-6,-5,1,-6,-5,4,2,-6,2
95,3,-1,-2,2,3,-3,-2,-6,-1,1,5,4,4,-1,-3,-5,-5,-4,-2,-2,6,-5,2,2,-4,-1,0,-3,-6,-2,5,-2,-2,6,5,-2,3,5,2,5,0,-1,-6,2,6,-4,0,3,-2,-1,5,0,-5,-2,2,2,6,2,-3,6,3,-4,4,-4,-6,1,-1,5,3,5,1,-6,4,-5,-1,3,3,6,-5,-3,6,-3,-6,-3,-1,-4,-5,-6,-1,-4,-1,4,3,1,3,-1,-5,-1,-5,-1,6,3,-2,4,-1,5,6,2,5,5,3,4,-6,-6,1,2,-5,0,0,6,4,0,-5,6,4,2,-3,0,5,3,2,1,-1,1,0,-6,-6,-1,2,2,6,3,6,2,6,3,-4,0,-4,3,-4,0,2,3,5
96,1,2,-4,3,-1,4,3,-1,-1,-3,4,-3,-5,-6,-3,-1,3,-5,3,-2,6,2,-1,5,-2,-2,-5,5,-3,0,6,4,-2,2,-4,6,3,-4,2,1,5,-3,5,0,-3,2,1,6,-2,1,1,4,2,-2,4,6,5,4,-5,-1,-1,-3,-6,-1,-6,-2,-3,4,6,-3,-5,0,-2,-1,-1,-3,-3,5,6,-4,1,-1,0,-5,-4,-1,1,-6,-4,1,3,2,-6,-6,4,2,1,-3,-3,6,0,-2,4,6,-2,-4,2,-5,5,-3,-3,-6,2,5,2,6,3,4,-1,5,-1,3,-3,4,6,3,-1,4,-3,-1,-1,6,4,-1,6,-1,-3,4,-2,4,2,6,4,-5,-3,-5,-2,-5,4,-2,2,-1,2,-1,-2
97,6,1,-3,1,5,5,-5,3,4,3,1,4,3,-6,0,-1,-2,1,0,4,-3,-1,6,-5,4,2,-1,3,-6,-6,5,5,-5,-6,2,4,-4,-5,-2,0,2,-3,-1,3,-2,-3,-4,2,5,2,-2,-6,-4,-4,3,0,-5,-2,6,-4,1,6,5,-5,-4,-6,6,6,5,-3,-6,5,-5,2,-4,4,-2,6,2,4,6,-1,-1,1,0,-4,0,-5,2,6,2,5,4,4,4,4,3,3,0,6,-5,1,3,6,-6,-5,-1,-2,-5,6,-6,-4,-6,-5,0,1,-2,2,2,-2,-5,2,2,2,3,-3,2,2,-4,-3,0,-6,6,5,-3,-6,3,3,-6,-1,5,2,6,1,3,-6,-4,-4,5,0,-2,3,3,0,0
98,-4,-1,-6,-2,3,-3,3,-2,-4,-3,-4,-1,2,1,2,5,-4,2,-2,-6,3,0,5,-4,5,2,-1,5,0,1,-4,-5,4,3,2,-5,1,6,-3,-4,1,6,4,3,-2,-4,-3,-1,2,1,-4,-2,6,-1,6,5,6,3,-3,-2,6,-3,1,-4,-6,-3,5,2,0,6,-1,-5,3,-5,-4,1,-3,0,-2,-3,6,3,-2,-4,-4,-5,-5,0,-3,-5,0,6,5,-2,-6,-1,-2,2,-2,0,-3,-4,-3,5,4,5,5,-4,-4,-5,4,-2,-5,-6,-4,0,3,4,-6,1,4,-4,3,-2,-6,-4,-3,-3,1,5,-2,1,0,-6,2,1,-2,6,3,4,3,-2,-2,-6,-1,5,6,6,5,0,-2,-1,6,0,-1
99,-3,-5,5,2,0,2,2,6,1,-5,3,-6,4,-6,6,-4,-4,-5,-3,0,-2,0,1,-2,6,4,-5,2,-6,5,6,0,-3,2,3,-6,5,-4,1,-1,3,5,6,6,-5,4,-5,2,3,5,0,4,-3,-1,6,0,2,-1,-1,-5,-5,2,6,3,6,-6,1,6,6,-3,2,-3,0,2,-4,-6,-2,-1,-2,6,1,5,0,-6,4,3,-1,-2,-2,5,2,1,6,2,3,-3,6,-2,3,-4,-2,4,-1,2,-5,-6,-2,-3,-5,-6,2,-2,4,-3,5,0,5,-1,-2,4,6,-4,-5,1,0,-6,-2,1,6,-2,5,3,-5,1,-4,-5,1,1,3,-4,5,-2,-4,-6,5,-5,-4,5,4,0,5,-1,-1,-4,-2
